date,0050.TW
2019-01-02,14.4543
2019-01-03,14.3177
2019-01-04,14.0932
2019-01-07,14.4348
2019-01-08,14.3762
2019-01-09,14.6397
2019-01-10,14.6007
2019-01-11,14.7373
2019-01-14,14.6397
2019-01-15,14.7666
2019-01-16,14.7471
2019-01-17,14.7471
2019-01-18,14.8252
2019-01-22,14.9023
2019-01-23,14.8319
2019-01-24,14.9023
2019-01-25,15.0935
2019-01-28,15.1237
2019-01-29,14.9929
2019-01-30,14.9627
2019-02-11,15.1237
2019-02-12,15.2243
2019-02-13,15.1942
2019-02-14,15.1438
2019-02-15,15.1036
2019-02-19,15.1942
2019-02-20,15.3652
2019-02-21,15.5161
2019-02-22,15.4860
2019-02-25,15.5966
2019-02-26,15.6369
2019-02-27,15.6268
2019-03-04,15.4860
2019-03-05,15.4457
2019-03-06,15.4860
2019-03-07,15.4256
2019-03-08,15.2948
2019-03-11,15.3250
2019-03-12,15.5463
2019-03-13,15.5161
2019-03-14,15.5061
2019-03-15,15.6168
2019-03-18,15.7174
2019-03-19,15.7778
2019-03-20,15.7979
2019-03-21,15.9287
2019-03-22,15.9690
2019-03-25,15.7275
2019-03-26,15.8281
2019-03-27,15.7979
2019-03-28,15.7979
2019-03-29,15.9287
2019-04-01,16.0696
2019-04-02,16.1300
2019-04-03,16.1300
2019-04-08,16.2809
2019-04-09,16.3815
2019-04-10,16.4016
2019-04-11,16.3312
2019-04-12,16.3211
2019-04-15,16.4721
2019-04-16,16.5224
2019-04-17,16.6532
2019-04-18,16.6431
2019-04-22,16.6431
2019-04-23,16.7136
2019-04-24,16.7438
2019-04-25,16.7840
2019-04-26,16.5928
2019-04-29,16.6633
2019-04-30,16.6633
2019-05-02,16.7035
2019-05-03,16.8544
2019-05-06,16.5626
2019-05-07,16.7337
2019-05-08,16.6129
2019-05-09,16.4117
2019-05-10,16.4016
2019-05-13,16.1300
2019-05-14,16.0293
2019-05-15,16.0495
2019-05-16,15.9086
2019-05-17,15.7476
2019-05-20,15.7375
2019-05-21,15.7778
2019-05-22,15.7778
2019-05-23,15.4860
2019-05-24,15.5665
2019-05-28,15.5161
2019-05-29,15.4457
2019-05-30,15.5765
2019-05-31,15.7878
2019-06-03,15.8080
2019-06-04,15.7073
2019-06-05,15.7576
2019-06-06,15.6369
2019-06-10,15.9086
2019-06-11,15.9790
2019-06-12,16.0394
2019-06-13,15.9086
2019-06-14,15.8784
2019-06-17,15.8381
2019-06-18,15.8784
2019-06-19,16.2507
2019-06-20,16.2708
2019-06-21,16.2708
2019-06-24,16.3413
2019-06-25,16.2507
2019-06-26,16.1702
2019-06-27,16.4016
2019-06-28,16.2809
2019-07-01,16.6331
2019-07-02,16.5928
2019-07-03,16.4016
2019-07-05,16.4821
2019-07-08,16.4218
2019-07-09,16.4016
2019-07-10,16.5425
2019-07-11,16.6733
2019-07-12,16.6532
2019-07-15,16.7438
2019-07-16,16.7739
2019-07-17,16.6633
2019-07-18,16.6431
2019-07-19,16.8461
2019-07-22,16.9273
2019-07-23,16.9679
2019-07-24,16.9577
2019-07-25,17.0085
2019-07-26,16.8968
2019-07-29,16.9374
2019-07-30,16.8867
2019-07-31,16.8055
2019-08-01,16.7040
2019-08-02,16.4300
2019-08-05,16.2676
2019-08-06,16.2575
2019-08-07,16.1763
2019-08-08,16.3691
2019-08-12,16.3590
2019-08-13,16.1763
2019-08-14,16.2981
2019-08-15,16.1154
2019-08-16,16.3082
2019-08-19,16.3996
2019-08-20,16.4402
2019-08-21,16.4605
2019-08-22,16.4199
2019-08-23,16.4402
2019-08-26,16.1662
2019-08-27,16.2068
2019-08-28,16.3184
2019-08-29,16.3488
2019-08-30,16.6127
2019-09-03,16.4808
2019-09-04,16.6736
2019-09-05,16.8461
2019-09-06,16.9476
2019-09-09,16.9476
2019-09-10,16.9273
2019-09-11,16.9374
2019-09-12,17.0288
2019-09-16,17.1302
2019-09-17,17.0998
2019-09-18,17.2419
2019-09-19,17.1404
2019-09-20,17.1911
2019-09-23,17.1505
2019-09-24,17.1810
2019-09-25,17.0694
2019-09-26,17.1100
2019-09-27,17.1708
2019-10-01,17.4448
2019-10-02,17.3840
2019-10-03,17.2114
2019-10-04,17.2825
2019-10-07,17.3434
2019-10-08,17.5565
2019-10-09,17.4144
2019-10-14,17.7696
2019-10-15,17.8000
2019-10-16,17.8812
2019-10-17,17.8914
2019-10-18,17.8508
2019-10-21,17.8305
2019-10-22,18.0030
2019-10-23,17.9523
2019-10-24,18.0233
2019-10-25,18.0233
2019-10-28,18.1045
2019-10-29,18.1552
2019-10-30,18.2364
2019-10-31,18.2871
2019-11-01,18.2871
2019-11-04,18.7134
2019-11-05,18.8554
2019-11-06,18.9468
2019-11-07,18.8453
2019-11-08,18.7844
2019-11-11,18.5003
2019-11-12,18.6728
2019-11-13,18.5612
2019-11-14,18.5510
2019-11-15,18.7337
2019-11-18,18.8554
2019-11-19,18.9975
2019-11-20,18.9265
2019-11-21,18.7743
2019-11-22,18.7844
2019-11-25,18.7946
2019-11-26,18.8453
2019-11-27,18.9163
2019-11-29,18.5713
2019-12-02,18.6829
2019-12-03,18.6829
2019-12-04,18.6119
2019-12-05,18.8554
2019-12-06,18.8859
2019-12-09,19.0077
2019-12-10,18.8757
2019-12-11,19.0280
2019-12-12,19.4542
2019-12-13,19.6673
2019-12-16,19.6572
2019-12-17,19.9210
2019-12-18,19.9312
2019-12-19,19.8195
2019-12-20,19.6775
2019-12-23,19.7181
2019-12-24,19.7282
2019-12-26,19.7586
2019-12-27,19.8906
2019-12-30,19.8500
2019-12-31,19.6775
2020-01-02,19.8195
2020-01-03,19.8195
2020-01-06,19.5658
2020-01-07,19.5049
2020-01-08,19.4136
2020-01-09,19.6775
2020-01-10,19.7485
2020-01-13,19.8906
2020-01-14,20.0123
2020-01-15,19.8094
2020-01-16,19.7485
2020-01-17,19.7485
2020-01-30,18.7032
2020-01-31,18.8499
2020-02-03,18.6613
2020-02-04,18.9861
2020-02-05,19.0385
2020-02-06,19.3424
2020-02-07,19.1119
2020-02-10,19.0700
2020-02-11,19.2271
2020-02-12,19.4157
2020-02-13,19.4472
2020-02-14,19.4786
2020-02-18,19.0804
2020-02-19,19.3005
2020-02-20,19.2166
2020-02-21,19.1223
2020-02-24,18.8813
2020-02-25,18.9337
2020-02-26,18.7451
2020-02-27,18.5775
2020-03-02,18.3051
2020-03-03,18.5670
2020-03-04,18.6928
2020-03-05,18.9023
2020-03-06,18.5146
2020-03-09,17.9907
2020-03-10,18.0850
2020-03-11,17.8755
2020-03-12,17.2154
2020-03-13,16.9744
2020-03-16,16.1990
2020-03-17,15.6856
2020-03-18,15.2560
2020-03-19,14.3653
2020-03-20,15.5074
2020-03-23,14.8368
2020-03-24,15.5598
2020-03-25,16.1047
2020-03-26,16.1780
2020-03-27,16.0523
2020-03-30,15.8951
2020-03-31,15.9580
2020-04-01,15.9056
2020-04-06,16.1466
2020-04-07,16.4505
2020-04-08,16.6810
2020-04-09,16.6076
2020-04-13,16.5133
2020-04-14,16.9639
2020-04-15,17.0163
2020-04-16,16.9324
2020-04-17,17.4459
2020-04-20,17.3935
2020-04-21,16.8905
2020-04-22,16.8905
2020-04-23,16.9534
2020-04-24,16.9534
2020-04-27,17.2992
2020-04-28,17.2992
2020-04-29,17.5402
2020-04-30,17.9174
2020-05-04,17.3935
2020-05-05,17.4773
2020-05-06,17.4983
2020-05-07,17.5716
2020-05-08,17.6764
2020-05-11,17.8231
2020-05-12,17.6135
2020-05-13,17.6659
2020-05-14,17.4563
2020-05-15,17.5716
2020-05-18,17.4249
2020-05-19,17.5821
2020-05-20,17.5611
2020-05-21,17.7078
2020-05-22,17.3830
2020-05-26,17.6973
2020-05-27,17.6764
2020-05-28,17.5716
2020-05-29,17.6973
2020-06-01,17.7916
2020-06-02,17.8755
2020-06-03,18.1898
2020-06-04,18.3574
2020-06-05,18.5146
2020-06-08,18.7556
2020-06-09,18.7766
2020-06-10,18.9547
2020-06-11,18.6613
2020-06-12,18.4937
2020-06-15,18.2317
2020-06-16,18.6299
2020-06-17,18.6508
2020-06-18,18.6299
2020-06-19,18.6194
2020-06-22,18.6613
2020-06-23,18.7451
2020-06-24,18.8604
2020-06-29,18.6718
2020-06-30,18.8394
2020-07-01,18.9652
2020-07-02,19.1747
2020-07-06,19.7301
2020-07-07,19.8034
2020-07-08,19.9396
2020-07-09,20.0025
2020-07-10,19.8349
2020-07-13,20.1282
2020-07-14,20.2540
2020-07-15,20.3378
2020-07-16,20.1387
2020-07-17,20.3692
2020-07-20,20.3378
2020-07-21,20.8338
2020-07-22,20.8866
2020-07-23,20.8655
2020-07-24,20.7916
2020-07-27,21.8048
2020-07-28,21.8681
2020-07-29,21.6465
2020-07-30,21.9631
2020-07-31,21.9104
2020-08-03,21.5304
2020-08-04,21.8048
2020-08-05,22.0159
2020-08-06,22.2481
2020-08-07,22.0898
2020-08-10,22.2903
2020-08-11,22.1214
2020-08-12,21.7943
2020-08-13,22.0053
2020-08-14,22.0581
2020-08-17,22.2903
2020-08-18,22.1637
2020-08-19,22.0053
2020-08-20,21.2349
2020-08-21,21.6993
2020-08-24,21.7626
2020-08-25,21.9315
2020-08-26,22.0159
2020-08-27,22.0687
2020-08-28,21.8470
2020-08-31,21.4882
2020-09-01,21.8154
2020-09-02,21.7415
2020-09-03,21.8048
2020-09-04,21.6465
2020-09-08,21.7415
2020-09-09,21.5937
2020-09-10,21.7837
2020-09-11,21.7943
2020-09-14,22.0687
2020-09-15,22.1531
2020-09-16,22.4908
2020-09-17,22.2481
2020-09-18,22.2270
2020-09-21,22.0476
2020-09-22,21.7626
2020-09-23,21.7309
2020-09-24,21.2032
2020-09-25,21.2455
2020-09-28,21.5937
2020-09-29,21.6465
2020-09-30,21.7415
2020-10-05,21.7520
2020-10-06,22.0053
2020-10-07,22.1214
2020-10-08,22.4170
2020-10-12,22.5964
2020-10-13,22.6069
2020-10-14,22.5225
2020-10-15,22.3114
2020-10-16,22.2164
2020-10-19,22.5014
2020-10-20,22.3747
2020-10-21,22.3642
2020-10-22,22.3958
2020-10-23,22.3958
2020-10-26,22.3958
2020-10-27,22.2692
2020-10-28,22.1637
2020-10-29,21.9209
2020-10-30,21.7415
2020-11-02,21.8259
2020-11-03,22.0792
2020-11-04,22.4064
2020-11-05,22.3853
2020-11-06,22.5225
2020-11-09,22.8180
2020-11-10,22.6069
2020-11-11,22.9552
2020-11-12,22.9658
2020-11-13,23.0608
2020-11-16,23.8101
2020-11-17,23.9790
2020-11-18,24.1373
2020-11-19,24.0951
2020-11-20,24.0634
2020-11-23,24.3695
2020-11-24,24.2534
2020-11-25,24.0528
2020-11-27,24.2006
2020-11-30,23.9156
2020-12-01,24.1267
2020-12-02,24.3589
2020-12-03,24.3589
2020-12-04,24.7600
2020-12-07,24.9922
2020-12-08,25.3405
2020-12-09,25.3405
2020-12-10,25.0344
2020-12-11,25.0660
2020-12-14,24.9605
2020-12-15,24.7072
2020-12-16,25.1716
2020-12-17,25.0344
2020-12-18,24.9499
2020-12-21,25.1927
2020-12-22,24.9077
2020-12-23,24.9394
2020-12-24,25.0766
2020-12-28,25.3299
2020-12-29,25.3088
2020-12-30,25.6676
2020-12-31,25.8048
2021-01-04,26.2481
2021-01-05,26.3009
2021-01-06,26.5858
2021-01-07,27.2085
2021-01-08,27.6940
2021-01-11,27.9262
2021-01-12,27.8840
2021-01-13,28.5595
2021-01-14,28.2956
2021-01-15,28.3906
2021-01-19,29.1188
2021-01-20,29.1716
2021-01-21,30.1848
2021-01-22,29.6456
2021-01-25,29.2466
2021-01-26,28.6534
2021-01-27,28.6966
2021-01-28,28.1142
2021-01-29,27.6505
2021-02-01,28.2005
2021-02-02,28.9985
2021-02-03,28.9770
2021-02-04,28.8044
2021-02-05,29.0740
2021-02-17,30.3142
2021-02-18,30.2711
2021-02-19,29.9475
2021-02-22,29.9368
2021-02-23,29.8721
2021-02-24,29.4299
2021-02-25,29.6672
2021-02-26,28.7721
2021-03-02,28.7829
2021-03-03,29.2034
2021-03-04,28.6319
2021-03-05,28.4593
2021-03-08,28.4378
2021-03-09,28.3299
2021-03-10,28.4485
2021-03-11,29.0525
2021-03-12,29.1711
2021-03-15,29.0956
2021-03-16,29.1927
2021-03-17,28.9446
2021-03-18,29.0956
2021-03-19,28.6427
2021-03-22,28.7721
2021-03-23,28.8152
2021-03-24,28.3623
2021-03-25,28.4593
2021-03-26,28.9770
2021-03-29,29.2142
2021-03-30,29.3113
2021-03-31,29.0632
2021-04-01,29.2789
2021-04-06,29.2789
2021-04-07,29.7211
2021-04-08,29.8181
2021-04-09,29.7534
2021-04-12,29.5809
2021-04-13,29.5809
2021-04-14,29.7426
2021-04-15,29.9907
2021-04-16,30.0338
2021-04-19,30.0877
2021-04-20,30.0338
2021-04-21,29.7642
2021-04-22,29.7426
2021-04-23,30.0122
2021-04-26,30.4544
2021-04-27,30.4652
2021-04-28,30.2818
2021-04-29,30.3250
2021-05-03,29.8181
2021-05-04,29.5593
2021-05-05,29.2789
2021-05-06,29.5377
2021-05-07,30.0662
2021-05-10,29.8613
2021-05-11,28.7397
2021-05-12,27.9093
2021-05-13,27.4995
2021-05-14,27.8123
2021-05-17,27.2839
2021-05-18,28.5348
2021-05-19,28.3407
2021-05-20,28.1466
2021-05-21,28.5456
2021-05-24,28.5025
2021-05-25,28.9878
2021-05-26,29.0093
2021-05-27,28.8044
2021-05-28,29.2897
2021-06-01,29.6995
2021-06-02,29.6995
2021-06-03,29.6779
2021-06-04,29.5377
2021-06-07,29.6132
2021-06-08,29.4407
2021-06-09,29.2250
2021-06-10,29.6779
2021-06-11,29.7858
2021-06-15,29.9475
2021-06-16,29.9152
2021-06-17,29.8289
2021-06-18,29.7642
2021-06-21,29.0525
2021-06-22,29.0848
2021-06-23,29.5593
2021-06-24,29.4838
2021-06-25,29.5377
2021-06-28,29.5917
2021-06-29,29.6779
2021-06-30,29.9691
2021-07-01,29.8289
2021-07-02,29.8289
2021-07-06,30.1417
2021-07-07,29.9799
2021-07-08,29.9475
2021-07-09,29.7103
2021-07-12,29.9799
2021-07-13,30.2279
2021-07-14,30.3034
2021-07-15,30.5838
2021-07-16,30.1740
2021-07-19,29.8289
2021-07-20,29.5917
2021-07-21,29.5592
2021-07-22,29.7647
2021-07-23,29.7647
2021-07-26,29.5052
2021-07-27,29.4944
2021-07-28,29.0295
2021-07-29,29.5160
2021-07-30,29.4187
2021-08-02,29.8187
2021-08-03,29.9376
2021-08-04,30.1106
2021-08-05,30.0566
2021-08-06,30.0133
2021-08-09,29.9268
2021-08-10,29.7647
2021-08-11,29.6673
2021-08-12,29.6133
2021-08-13,29.3322
2021-08-16,29.2673
2021-08-17,29.0511
2021-08-18,29.1700
2021-08-19,28.4997
2021-08-20,28.2726
2021-08-23,29.0511
2021-08-24,29.1376
2021-08-25,29.4187
2021-08-26,29.6241
2021-08-27,29.8728
2021-08-30,30.1647
2021-08-31,30.3485
2021-09-01,30.4890
2021-09-02,30.2512
2021-09-03,30.6836
2021-09-07,30.6836
2021-09-08,30.4134
2021-09-09,30.3377
2021-09-10,30.6945
2021-09-13,30.5863
2021-09-14,30.6188
2021-09-15,30.4350
2021-09-16,30.2944
2021-09-17,30.3809
2021-09-22,29.6673
2021-09-23,29.8403
2021-09-24,30.1971
2021-09-27,30.2728
2021-09-28,30.0566
2021-09-29,29.4079
2021-09-30,29.6349
2021-10-01,28.9646
2021-10-04,28.7916
2021-10-05,28.7483
2021-10-06,28.7592
2021-10-07,29.2673
2021-10-08,29.0186
2021-10-12,28.7267
2021-10-13,28.6294
2021-10-14,28.7051
2021-10-15,29.4619
2021-10-18,29.3754
2021-10-19,29.6133
2021-10-20,29.5376
2021-10-21,29.4295
2021-10-22,29.5160
2021-10-25,29.4944
2021-10-26,29.7430
2021-10-27,29.7430
2021-10-28,29.6565
2021-10-29,29.3646
2021-11-01,29.5160
2021-11-02,29.4619
2021-11-03,29.5376
2021-11-04,29.4403
2021-11-05,29.8620
2021-11-08,30.0998
2021-11-09,30.4242
2021-11-10,30.3809
2021-11-11,30.1106
2021-11-12,30.2079
2021-11-15,30.4782
2021-11-16,30.5323
2021-11-17,30.6296
2021-11-18,30.8026
2021-11-19,30.8783
2021-11-22,30.8026
2021-11-23,30.5107
2021-11-24,30.3809
2021-11-26,29.8728
2021-11-29,29.8728
2021-11-30,29.8403
2021-12-01,30.3377
2021-12-02,30.6620
2021-12-03,30.6512
2021-12-06,30.5647
2021-12-07,30.6620
2021-12-08,30.7810
2021-12-09,30.7053
2021-12-10,30.6945
2021-12-13,30.5972
2021-12-14,30.2944
2021-12-15,30.3377
2021-12-16,30.7161
2021-12-17,30.6836
2021-12-20,30.4134
2021-12-21,30.6728
2021-12-22,30.6728
2021-12-23,30.8458
2021-12-27,31.1702
2021-12-28,31.4188
2021-12-29,31.5594
2021-12-30,31.4621
2022-01-03,31.6567
2022-01-04,32.3487
2022-01-05,32.2838
2022-01-06,31.9811
2022-01-07,31.6999
2022-01-10,31.9054
2022-01-11,32.0675
2022-01-12,32.3378
2022-01-13,32.5000
2022-01-14,32.5000
2022-01-18,32.5000
2022-01-19,32.1108
2022-01-20,32.2405
2022-01-21,31.5224
2022-01-24,31.8207
2022-01-25,31.3014
2022-01-26,31.2793
2022-02-07,31.4450
2022-02-08,31.5776
2022-02-09,31.6881
2022-02-10,32.0527
2022-02-11,32.0306
2022-02-14,31.5334
2022-02-15,31.3898
2022-02-16,31.9091
2022-02-17,31.9312
2022-02-18,31.8428
2022-02-22,31.3456
2022-02-23,31.4340
2022-02-24,30.6716
2022-02-25,30.6053
2022-03-01,31.0362
2022-03-02,30.8594
2022-03-03,30.9257
2022-03-04,30.5943
2022-03-07,29.6109
2022-03-08,28.9811
2022-03-09,29.2794
2022-03-10,30.1302
2022-03-11,29.6993
2022-03-14,29.6993
2022-03-15,29.0916
2022-03-16,29.2132
2022-03-17,30.1413
2022-03-18,30.0750
2022-03-21,30.2738
2022-03-22,30.2296
2022-03-23,30.5169
2022-03-24,30.4948
2022-03-25,30.5390
2022-03-28,30.2075
2022-03-29,30.2407
2022-03-30,30.6164
2022-03-31,30.5169
2022-04-01,30.2628
2022-04-06,30.1081
2022-04-07,29.5667
2022-04-08,29.7324
2022-04-11,29.2684
2022-04-12,29.2905
2022-04-13,29.8429
2022-04-14,29.7324
2022-04-18,29.0695
2022-04-19,29.1690
2022-04-20,29.3126
2022-04-21,29.3347
2022-04-22,29.0806
2022-04-25,28.5613
2022-04-26,28.5613
2022-04-27,27.9646
2022-04-28,28.0862
2022-04-29,28.4508
2022-05-03,28.2409
2022-05-04,28.2409
2022-05-05,28.5613
2022-05-06,27.9867
2022-05-09,27.5227
2022-05-10,27.4011
2022-05-11,27.4453
2022-05-12,26.7935
2022-05-13,27.0365
2022-05-16,27.1802
2022-05-17,27.4785
2022-05-18,27.7768
2022-05-19,27.2465
2022-05-20,27.5448
2022-05-23,27.6000
2022-05-24,27.2907
2022-05-25,27.5006
2022-05-26,27.1581
2022-05-27,27.7326
2022-05-31,28.6828
2022-06-01,28.5392
2022-06-02,28.2409
2022-06-06,28.4397
2022-06-07,28.1525
2022-06-08,28.4618
2022-06-09,28.3734
2022-06-10,28.0862
2022-06-13,27.3017
2022-06-14,27.2575
2022-06-15,27.1249
2022-06-16,27.0697
2022-06-17,26.7051
2022-06-21,27.0034
2022-06-22,26.4067
2022-06-23,26.0532
2022-06-24,26.1084
2022-06-27,26.7272
2022-06-28,26.4730
2022-06-29,26.2521
2022-06-30,25.5891
2022-07-01,24.6500
2022-07-05,24.5284
2022-07-06,24.0533
2022-07-07,24.7715
2022-07-08,25.0256
2022-07-11,24.8047
2022-07-12,24.2080
2022-07-13,25.0698
2022-07-14,25.1914
2022-07-15,25.5228
2022-07-18,25.6351
2022-07-19,25.6575
2022-07-20,25.8259
2022-07-21,26.1177
2022-07-22,26.2187
2022-07-25,26.1963
2022-07-26,25.9606
2022-07-27,26.1963
2022-07-28,26.2412
2022-07-29,26.4881
2022-08-01,26.4095
2022-08-02,25.9889
2022-08-03,26.1464
2022-08-04,26.2138
2022-08-05,26.8773
2022-08-08,26.8211
2022-08-09,26.7986
2022-08-10,26.5175
2022-08-11,27.0010
2022-08-12,27.1697
2022-08-15,27.4171
2022-08-16,27.4621
2022-08-17,27.4734
2022-08-18,27.2934
2022-08-19,27.3384
2022-08-22,27.0010
2022-08-23,26.5849
2022-08-24,26.5175
2022-08-25,26.7649
2022-08-26,26.8998
2022-08-29,26.2138
2022-08-30,26.2588
2022-08-31,26.4500
2022-09-01,25.8990
2022-09-02,25.6178
2022-09-06,25.8427
2022-09-07,25.2355
2022-09-08,25.4154
2022-09-12,25.9552
2022-09-13,26.0901
2022-09-14,25.5616
2022-09-15,25.6066
2022-09-16,25.3142
2022-09-19,25.2017
2022-09-20,25.4266
2022-09-21,25.2130
2022-09-22,24.9093
2022-09-23,24.6732
2022-09-26,24.2121
2022-09-27,24.1784
2022-09-28,23.6723
2022-09-29,23.5936
2022-09-30,23.2675
2022-10-03,22.9863
2022-10-04,23.5711
2022-10-05,24.1221
2022-10-06,24.2908
2022-10-07,23.8860
2022-10-11,22.6489
2022-10-12,22.5365
2022-10-13,22.2666
2022-10-14,22.9076
2022-10-17,22.4802
2022-10-18,22.7389
2022-10-19,22.4353
2022-10-20,22.3116
2022-10-21,22.2441
2022-10-24,22.1766
2022-10-25,21.7493
2022-10-26,21.9517
2022-10-27,22.2666
2022-10-28,21.9854
2022-10-31,22.2778
2022-11-01,22.4015
2022-11-02,22.4915
2022-11-03,22.1991
2022-11-04,22.2328
2022-11-07,22.6152
2022-11-08,22.8514
2022-11-09,23.5036
2022-11-10,23.2787
2022-11-11,24.5157
2022-11-14,24.7406
2022-11-15,25.7977
2022-11-16,25.7528
2022-11-17,25.7640
2022-11-18,25.6965
2022-11-21,25.6066
2022-11-22,25.8202
2022-11-23,26.0002
2022-11-25,26.2476
2022-11-28,25.7190
2022-11-29,25.9552
2022-11-30,26.1689
2022-12-01,26.6187
2022-12-02,26.3825
2022-12-05,26.4163
2022-12-06,25.9327
2022-12-07,25.7753
2022-12-08,25.4716
2022-12-09,25.8652
2022-12-12,25.6178
2022-12-13,25.5054
2022-12-14,25.8202
2022-12-15,25.8427
2022-12-16,25.4154
2022-12-19,25.2692
2022-12-20,24.8081
2022-12-21,24.9093
2022-12-22,25.3254
2022-12-23,24.8981
2022-12-27,25.1005
2022-12-28,24.7406
2022-12-29,24.6282
2022-12-30,24.7856
2023-01-03,24.9093
2023-01-04,24.8531
2023-01-05,25.0330
2023-01-06,25.1455
2023-01-09,26.0452
2023-01-10,26.1464
2023-01-11,26.1689
2023-01-12,26.0564
2023-01-13,26.3600
2023-01-17,26.5625
2023-01-30,27.7583
2023-01-31,27.2064
2023-02-01,27.3674
2023-02-02,27.8273
2023-02-03,27.8273
2023-02-06,27.4249
2023-02-07,27.3674
2023-02-08,27.7928
2023-02-09,27.8043
2023-02-10,27.8273
2023-02-13,27.7698
2023-02-14,27.9768
2023-02-15,27.3329
2023-02-16,27.6663
2023-02-17,27.3099
2023-02-21,27.3559
2023-02-22,27.0569
2023-02-23,27.4594
2023-02-24,27.3214
2023-03-01,27.4479
2023-03-02,27.4249
2023-03-03,27.4479
2023-03-06,27.7123
2023-03-07,27.8963
2023-03-08,27.6663
2023-03-09,27.6434
2023-03-10,27.2064
2023-03-13,27.3214
2023-03-14,27.0224
2023-03-15,27.0454
2023-03-16,26.9189
2023-03-17,27.3559
2023-03-20,27.1604
2023-03-21,27.2869
2023-03-22,27.8043
2023-03-23,28.0228
2023-03-24,28.1033
2023-03-27,27.9308
2023-03-28,27.6893
2023-03-29,27.7353
2023-03-30,27.8733
2023-03-31,27.9653
2023-04-06,27.8273
2023-04-10,27.8273
2023-04-11,27.7928
2023-04-12,27.7238
2023-04-13,27.4824
2023-04-14,27.7468
2023-04-17,27.6778
2023-04-18,27.5859
2023-04-19,27.3789
2023-04-20,27.3444
2023-04-21,27.2754
2023-04-24,27.1719
2023-04-25,26.8154
2023-04-26,26.7004
2023-04-27,26.6774
2023-04-28,26.9994
2023-05-02,27.0684
2023-05-03,26.9534
2023-05-04,27.0224
2023-05-05,27.0914
2023-05-08,27.2639
2023-05-09,27.3444
2023-05-10,27.0914
2023-05-11,27.0339
2023-05-12,26.9534
2023-05-15,26.9534
2023-05-16,27.2754
2023-05-17,27.7238
2023-05-18,28.0918
2023-05-19,28.1723
2023-05-22,28.1263
2023-05-23,28.1033
2023-05-24,27.9653
2023-05-25,28.2988
2023-05-26,28.9657
2023-05-30,29.1497
2023-05-31,29.0117
2023-06-01,28.7817
2023-06-02,29.1497
2023-06-05,29.0577
2023-06-06,29.1382
2023-06-07,29.4602
2023-06-08,29.1727
2023-06-09,29.3912
2023-06-12,29.6672
2023-06-13,30.2536
2023-06-14,30.2421
2023-06-15,30.3341
2023-06-16,30.2536
2023-06-20,30.0236
2023-06-21,30.0236
2023-06-26,29.8396
2023-06-27,29.6442
2023-06-28,29.6902
2023-06-29,29.6787
2023-06-30,29.6902
2023-07-03,30.0581
2023-07-05,30.0811
2023-07-06,29.4142
2023-07-07,29.3682
2023-07-10,29.3107
2023-07-11,29.7132
2023-07-12,29.7706
2023-07-13,30.1041
2023-07-14,30.4146
2023-07-17,30.3571
2023-07-18,30.2988
2023-07-19,30.0421
2023-07-20,30.1821
2023-07-21,29.6804
2023-07-24,29.6921
2023-07-25,30.0654
2023-07-26,29.9837
2023-07-27,30.2171
2023-07-28,30.2171
2023-07-31,30.0538
2023-08-01,30.2054
2023-08-02,29.8321
2023-08-04,29.6921
2023-08-07,29.9837
2023-08-08,29.6337
2023-08-09,29.6804
2023-08-10,29.4937
2023-08-11,29.4704
2023-08-14,29.0504
2023-08-15,29.0971
2023-08-16,28.9454
2023-08-17,29.0737
2023-08-18,28.8987
2023-08-21,28.7004
2023-08-22,28.9337
2023-08-23,29.1321
2023-08-24,29.6337
2023-08-25,29.0621
2023-08-28,29.2487
2023-08-29,29.4121
2023-08-30,29.5404
2023-08-31,29.3304
2023-09-01,29.3771
2023-09-05,29.5054
2023-09-06,29.4004
2023-09-07,29.1321
2023-09-08,29.0037
2023-09-11,28.8871
2023-09-12,29.1787
2023-09-13,29.2137
2023-09-14,29.6221
2023-09-15,29.7154
2023-09-18,29.4004
2023-09-19,29.2721
2023-09-20,29.1087
2023-09-21,28.6421
2023-09-22,28.6187
2023-09-25,28.8287
2023-09-26,28.4904
2023-09-27,28.5021
2023-09-28,28.6187
2023-10-02,28.9921
2023-10-03,28.8171
2023-10-04,28.4437
2023-10-05,28.8521
2023-10-06,28.9571
2023-10-11,29.4587
2023-10-12,29.7037
2023-10-13,29.6221
2023-10-16,29.4587
2023-10-17,29.5287
2023-10-18,29.1204
2023-10-19,29.1321
2023-10-20,29.2604
2023-10-23,28.8987
2023-10-24,28.9221
2023-10-25,28.9804
2023-10-26,28.4087
2023-10-27,28.5371
2023-10-30,28.4671
2023-10-31,28.2687
2023-11-01,28.4087
2023-11-02,29.0504
2023-11-03,29.2721
2023-11-06,29.5287
2023-11-07,29.5171
2023-11-08,29.6804
2023-11-09,29.6921
2023-11-10,29.5754
2023-11-13,30.0304
2023-11-14,30.1004
2023-11-15,30.4621
2023-11-16,30.4738
2023-11-17,30.5671
2023-11-20,30.5554
2023-11-21,30.9288
2023-11-22,30.6488
2023-11-24,30.6138
2023-11-27,30.4154
2023-11-28,30.6254
2023-11-29,30.6021
2023-11-30,30.6488
2023-12-01,30.7538
2023-12-04,30.6371
2023-12-05,30.4154
2023-12-06,30.5204
2023-12-07,30.3338
2023-12-08,30.5788
2023-12-11,30.6138
2023-12-12,30.6838
2023-12-13,30.6954
2023-12-14,31.0688
2023-12-15,31.1971
2023-12-18,31.2438
2023-12-19,31.1271
2023-12-20,31.2088
2023-12-21,30.9404
2023-12-22,31.0221
2023-12-26,31.3254
2023-12-27,31.6754
2023-12-28,31.6754
2023-12-29,31.6054
2024-01-02,31.4771
2024-01-03,30.9288
2024-01-04,30.9171
2024-01-05,30.8354
2024-01-08,30.9754
2024-01-09,31.0338
2024-01-10,30.8704
2024-01-11,30.9988
2024-01-12,30.9521
2024-01-16,30.7188
2024-01-17,30.4322
2024-01-18,30.6352
2024-01-19,31.7336
2024-01-22,31.9485
2024-01-23,32.0082
2024-01-24,31.9962
2024-01-25,32.3902
2024-01-26,32.3902
2024-01-29,32.5932
2024-01-30,32.5096
2024-01-31,32.0798
2024-02-01,32.0798
2024-02-02,32.2589
2024-02-05,32.4618
2024-02-15,33.9900
2024-02-16,33.7393
2024-02-20,33.8229
2024-02-21,33.7154
2024-02-22,34.0975
2024-02-23,34.3243
2024-02-26,34.3721
2024-02-27,34.2288
2024-02-29,34.2169
2024-03-01,34.0975
2024-03-04,35.0884
2024-03-05,35.3749
2024-03-06,35.5421
2024-03-07,36.3659
2024-03-08,36.8792
2024-03-11,36.5091
2024-03-12,36.8912
2024-03-13,37.0703
2024-03-14,37.0344
2024-03-15,36.5330
2024-03-18,36.8673
2024-03-19,36.7837
2024-03-20,36.5808
2024-03-21,37.5836
2024-03-22,37.5359
2024-03-25,37.6075
2024-03-26,37.6314
2024-03-27,37.6433
2024-03-28,37.4642
2024-04-01,37.5836
2024-04-02,38.1209
2024-04-03,37.8582
2024-04-08,38.0731
2024-04-09,38.9805
2024-04-10,38.9208
2024-04-11,38.8014
2024-04-12,38.7059
2024-04-15,38.2044
2024-04-16,37.1658
2024-04-17,37.5836
2024-04-18,37.9537
2024-04-19,36.0316
2024-04-22,35.9241
2024-04-23,36.2703
2024-04-24,37.3329
2024-04-25,36.6524
2024-04-26,37.2493
2024-04-29,37.9179
2024-04-30,37.7866
2024-05-02,37.2851
2024-05-03,37.4762
2024-05-06,38.0134
2024-05-07,38.2283
2024-05-08,38.3716
2024-05-09,38.3238
2024-05-10,38.5984
2024-05-13,38.9924
2024-05-14,39.2551
2024-05-15,39.7923
2024-05-16,39.9833
2024-05-17,39.9356
2024-05-20,39.9236
2024-05-21,39.8759
2024-05-22,40.5922
2024-05-23,40.9026
2024-05-24,40.7355
2024-05-28,41.3563
2024-05-29,40.7952
2024-05-30,40.0908
2024-05-31,39.6371
2024-06-03,40.4848
2024-06-04,39.8401
2024-06-05,40.2221
2024-06-06,41.5951
2024-06-07,41.2727
2024-06-11,41.3802
2024-06-12,42.1204
2024-06-13,42.7293
2024-06-14,42.9800
2024-06-17,42.9800
2024-06-18,43.6963
2024-06-20,45.3081
2024-06-21,45.0335
2024-06-24,43.9351
2024-06-25,43.9112
2024-06-26,44.2575
2024-06-27,44.2455
2024-06-28,44.5201
2024-07-01,44.5559
2024-07-02,44.2575
2024-07-03,44.7947
2024-07-05,45.7976
2024-07-08,47.2422
2024-07-09,47.1944
2024-07-10,47.3616
2024-07-11,48.4122
2024-07-12,46.8840
2024-07-15,46.9676
2024-07-16,47.2436
2024-07-17,46.5836
2024-07-18,45.7436
2024-07-19,44.6996
2024-07-22,43.3676
2024-07-23,44.7116
2024-07-26,42.9596
2024-07-29,43.3436
2024-07-30,43.3436
2024-07-31,43.4036
2024-08-01,44.1596
2024-08-02,41.9276
2024-08-05,38.0997
2024-08-06,40.1996
2024-08-07,41.7956
2024-08-08,40.9316
2024-08-09,42.2036
2024-08-12,42.7316
2024-08-13,42.8396
2024-08-14,43.3796
2024-08-15,43.0436
2024-08-16,44.0156
2024-08-19,44.0756
2024-08-20,44.0996
2024-08-21,43.6316
2024-08-22,43.4036
2024-08-23,43.4276
2024-08-26,43.4996
2024-08-27,43.3076
2024-08-28,43.9196
2024-08-29,43.3196
2024-08-30,43.5236
2024-09-03,43.2116
2024-09-04,41.0996
2024-09-05,41.3516
2024-09-06,41.9396
2024-09-09,41.2916
2024-09-10,41.3636
2024-09-11,41.2436
2024-09-12,42.7916
2024-09-13,42.8156
2024-09-16,42.8996
2024-09-18,42.6836
2024-09-19,43.2356
2024-09-20,43.7876
2024-09-23,43.9796
2024-09-24,44.3996
2024-09-25,45.0596
2024-09-26,45.4316
2024-09-27,45.3356
2024-09-30,44.1476
2024-10-01,44.0636
2024-10-04,44.0636
2024-10-07,45.1556
2024-10-08,44.9396
2024-10-09,45.3596
2024-10-11,46.1156
2024-10-14,46.1516
2024-10-15,47.1356
2024-10-16,46.3196
2024-10-17,46.3916
2024-10-18,47.5436
2024-10-21,47.5316
2024-10-22,47.3516
2024-10-23,47.0396
2024-10-24,46.7516
2024-10-25,47.1356
2024-10-28,47.0516
2024-10-29,45.9596
2024-10-30,46.0316
2024-11-01,45.7196
2024-11-04,46.3076
2024-11-05,46.4756
2024-11-06,46.8476
2024-11-07,47.3876
2024-11-08,47.7596
2024-11-11,47.7836
2024-11-12,46.5596
2024-11-13,46.2596
2024-11-14,45.8396
2024-11-15,46.1636
2024-11-18,45.5156
2024-11-19,46.1396
2024-11-20,45.9476
2024-11-21,45.4436
2024-11-22,46.3316
2024-11-25,46.1636
2024-11-26,45.5636
2024-11-27,44.9036
2024-11-29,44.9396
2024-12-02,46.0076
2024-12-03,46.6316
2024-12-04,46.9076
2024-12-05,47.1596
2024-12-06,46.9796
2024-12-09,47.0396
2024-12-10,46.7036
2024-12-11,46.2956
2024-12-12,46.8356
2024-12-13,46.8716
2024-12-16,47.0636
2024-12-17,47.3036
2024-12-18,47.3036
2024-12-19,46.6556
2024-12-20,46.2236
2024-12-23,47.3396
2024-12-24,47.4716
2024-12-26,47.5796
2024-12-27,47.7356
2024-12-30,47.4716
2024-12-31,46.9796
2025-01-02,46.5716
2025-01-03,47.0396
2025-01-06,48.5156
2025-01-07,49.0556
2025-01-08,48.3236
2025-01-10,47.7596
2025-01-13,46.6556
2025-01-14,46.9436
2025-01-15,46.5836
2025-01-16,47.5316
2025-01-17,47.7627
2025-01-21,48.3467
2025-01-22,48.9793
2025-02-03,46.8868
2025-02-04,47.1666
2025-02-05,47.8844
2025-02-06,48.0912
2025-02-07,48.3102
2025-02-10,47.7627
2025-02-11,48.0547
2025-02-12,47.9817
2025-02-13,47.7749
2025-02-14,47.2031
2025-02-18,48.0912
2025-02-19,48.0061
2025-02-20,47.8236
2025-02-21,48.1642
2025-02-24,47.7384
2025-02-25,47.1179
2025-02-26,47.3734
2025-02-27,46.8381
2025-03-03,45.7554
2025-03-04,45.4512
2025-03-05,46.0474
2025-03-06,45.7676
2025-03-07,45.3418
2025-03-10,45.0741
2025-03-11,44.2833
2025-03-12,44.4780
2025-03-13,44.0643
2025-03-14,43.9184
2025-03-17,44.2955
2025-03-18,44.4780
2025-03-19,43.9305
2025-03-20,44.8794
2025-03-21,44.5145
2025-03-24,44.4658
2025-03-25,44.9281
2025-03-26,44.8916
2025-03-27,44.0400
2025-03-28,43.6020
2025-03-31,42.0327
2025-04-01,42.8964
2025-04-02,42.8234
2025-04-07,38.5411
2025-04-08,37.2880
2025-04-09,35.5727
2025-04-10,39.1250
2025-04-11,40.0375
2025-04-14,39.8307
2025-04-15,40.2321
2025-04-16,39.5022
2025-04-17,39.0642
2025-04-21,38.5898
2025-04-22,37.9450
2025-04-23,39.6238
2025-04-24,39.3927
2025-04-25,40.3295
2025-04-28,40.6701
2025-04-29,40.8283
2025-04-30,41.0229
2025-05-02,42.2151
2025-05-05,41.8380
2025-05-06,41.6069
2025-05-07,41.4487
2025-05-08,41.9962
2025-05-09,42.5193
2025-05-12,42.9938
2025-05-13,43.5169
2025-05-14,44.5023
2025-05-15,44.4050
2025-05-16,44.5266
2025-05-19,43.9062
2025-05-20,43.9913
2025-05-21,44.6726
2025-05-22,44.1860
2025-05-23,44.0035
2025-05-27,43.5655
2025-05-28,43.6385
2025-05-29,43.7359
2025-06-02,42.7991
2025-06-03,43.1032
2025-06-04,44.1130
2025-06-05,44.1982
2025-06-06,44.2712
2025-06-09,44.6970
2025-06-10,45.9014
2025-06-11,45.9014
2025-06-12,45.9014
2025-06-13,45.9014
2025-06-16,45.9014
2025-06-17,45.9014
2025-06-18,46.2980
2025-06-20,45.7724
2025-06-23,45.3928
2025-06-24,46.2201
2025-06-25,46.8917
2025-06-26,46.9501
2025-06-27,46.9987
2025-06-30,47.0669
2025-07-01,47.3394
2025-07-02,47.3491
2025-07-03,48.0012
2025-07-07,47.2712
2025-07-08,47.0571
2025-07-09,47.5437
2025-07-10,48.0888
2025-07-11,48.2932
2025-07-14,48.0109
2025-07-15,48.6630
2025-07-16,49.0523
2025-07-17,49.3443
2025-07-18,50.0742
2025-07-21,49.8880
2025-07-22,49.5450
2025-07-23,49.6920
2025-07-24,49.9860
2025-07-25,49.8880
2025-07-28,50.0350
2025-07-29,49.4469
2025-07-30,49.9860
2025-07-31,50.5251
2025-08-01,50.0840
2025-08-04,49.7900
2025-08-05,50.4271
2025-08-06,49.9860
2025-08-07,51.4072
2025-08-08,51.4072
2025-08-11,51.7992
2025-08-12,51.8482
2025-08-13,52.2893
2025-08-14,52.0933
2025-08-15,52.0933
2025-08-18,52.2403
2025-08-19,52.1423
2025-08-20,50.6721
2025-08-21,50.9661
2025-08-22,50.7211
2025-08-25,51.6522
2025-08-26,51.7012
2025-08-27,51.9463
2025-08-28,51.4562
2025-08-29,51.4562
2025-09-02,50.9661
2025-09-03,50.9171
2025-09-04,51.2602
2025-09-05,51.7992
2025-09-08,52.2893
2025-09-09,52.8284
2025-09-10,53.8575
2025-09-11,54.3475
2025-09-12,54.8866
2025-09-15,54.8866
2025-09-16,55.6217
2025-09-17,55.2296
2025-09-18,55.8177
2025-09-19,55.8667
2025-09-22,56.2588
2025-09-23,57.2879
2025-09-24,57.2389
2025-09-25,57.0429
2025-09-26,56.1118
2025-09-30,56.6508
2025-10-01,56.9449
2025-10-02,58.0230
2025-10-03,58.8561
2025-10-07,60.4733
2025-10-08,59.9342
2025-10-09,60.3753
2025-10-13,59.7872
2025-10-14,59.4932
2025-10-15,60.5713
2025-10-16,61.7474
2025-10-17,60.8163
2025-10-20,61.8454
2025-10-21,61.9435
2025-10-22,61.4534
2025-10-23,61.1104
2025-10-27,62.5315
2025-10-28,62.0905
2025-10-29,63.1196
2025-10-30,63.1196
2025-10-31,63.4626
2025-11-03,62.8746
2025-11-04,62.6785
2025-11-06,62.0415
2025-11-07,61.3064
2025-11-10,62.0905
2025-11-11,61.6494
2025-11-12,61.9435
2025-11-13,61.6494
2025-11-14,60.4733
2025-11-17,60.6693
2025-11-18,59.2481
2025-11-19,58.8561
2025-11-20,60.6693
2025-11-21,58.6601
2025-11-24,58.3660
2025-11-25,59.1501
2025-11-26,60.1302
2025-11-28,61.1104
2025-12-01,60.2773
2025-12-02,60.4733
2025-12-03,61.0613
2025-12-04,60.9633
2025-12-05,61.5024
2025-12-08,62.4335
2025-12-09,62.3355
2025-12-10,62.7766
2025-12-11,62.0905
2025-12-12,62.1885
2025-12-15,61.5514
2025-12-16,61.0123
2025-12-17,60.6693
2025-12-18,60.6693
2025-12-19,61.2574
2025-12-22,62.1395
2025-12-23,62.4335
2025-12-24,62.5805
2025-12-26,63.1196
2025-12-29,63.9527
2025-12-30,63.8547
2025-12-31,64.2957
2026-01-02,65.6189
2026-01-05,68.1182
2026-01-06,69.0003
2026-01-07,68.4612
2026-01-08,68.7063
2026-01-09,68.4612
2026-01-12,68.9513
2026-01-13,69.2943
2026-01-14,69.3433
2026-01-15,69.2453
2026-01-16,70.5685
2026-01-20,71.1566
2026-01-21,70.4215
2026-01-22,71.3657
2026-01-23,71.8130
2026-01-26,71.8130
2026-01-27,72.6082
2026-01-28,73.7512
2026-01-29,73.3039
2026-01-30,72.1609
2026-02-02,71.0675
2026-02-03,72.5088
2026-02-04,72.4591
2026-02-05,71.5645
2026-02-06,71.4651
2026-02-09,73.5027
2026-02-10,75.0434
2026-02-11,76.7331
2026-02-23,76.9319
2026-02-24,78.9198
2026-02-25,80.6095
2026-02-26,80.6592
2026-03-02,79.8640
2026-03-03,78.2737
2026-03-04,75.1427
2026-03-05,76.9319
2026-03-06,76.3852
2026-03-09,73.1548
2026-03-10,74.7452
2026-03-11,77.7270
2026-03-12,76.1367
2026-03-13,75.4906
2026-03-16,75.1427
2026-03-17,76.1864
2026-03-18,77.3294
2026-03-19,75.5403
2026-03-20,75.4409
2026-03-23,73.8009
2026-03-24,73.9500
2026-03-25,75.7391
2026-03-26,75.3415
2026-03-27,74.5464
2026-03-30,73.4530
2026-03-31,71.9124
2026-04-01,74.9936
2026-04-02,73.5027
2026-04-07,74.8446
2026-04-08,78.7210
2026-04-09,78.6713
2026-04-10,80.2616
2026-04-13,80.1125
2026-04-14,82.5974
2026-04-15,83.6410
2026-04-16,84.4859
2026-04-17,83.6410
2026-04-20,84.0386
2026-04-21,85.4798
2026-04-22,85.8277
2026-04-23,85.8277
2026-04-24,89.4059
2026-04-27,92.4375
2026-04-28,91.4436
2026-04-29,90.2011
2026-04-30,89.9526
2026-05-04,94.0278
2026-05-05,94.0278
2026-05-06,95.1709
2026-05-07,97.1091
2026-05-08,96.4133
2026-05-11,96.3139
2026-05-12,96.2642
2026-05-13,94.9224
2026-05-14,95.4691
2026-05-15,94.8230
2026-05-18,94.3260
2026-05-19,92.5369
2026-05-20,91.9405
2026-05-21,95.2703
2026-05-22,96.7115
2026-05-26,99.4946
2026-05-27,101.9297
2026-05-28,99.8921
2026-05-29,104.7625
2026-06-01,104.8619
2026-06-02,105.0607
2026-06-03,106.9492
2026-06-04,105.4583
2026-06-05,103.5201
2026-06-08,100.3394
2026-06-09,102.8740
2026-06-10,99.6436
2026-06-11,99.2461
2026-06-12,101.3334
2026-06-15,104.6134
2026-06-16,105.2595
2026-06-17,105.3589
2026-06-18,106.6510
2026-06-22,110.4777
2026-06-23,109.4341
2026-06-24,106.5019
2026-06-25,106.5516
2026-06-26,102.4764
2026-06-29,103.8182
2026-06-30,107.1480
2026-07-01,108.6886
2026-07-02,108.1419
2026-07-06,107.5953
2026-07-07,105.5577
2026-07-08,105.4086
2026-07-09,105.1601
2026-07-13,105.3589
2026-07-14,103.7685
2026-07-15,105.6571
2026-07-16,105.7565
2026-07-17,99.5443
2026-07-20,98.6000
2026-07-21,102.5000
2026-07-22,103.8500
2026-07-23,103.9000
2026-07-24,101.7000
2026-07-27,101.4500
2026-07-28,97.1500
2026-07-29,93.7000
2026-07-30,93.5000
2026-07-31,102.8500
2026-08-03,102.0000
2026-08-04,100.6500
2026-08-05,103.8000
2026-08-06,103.3000
2026-08-07,102.8500
2026-08-10,104.2500
2026-08-11,104.6000
2026-08-12,105.2000
2026-08-13,106.7000
2026-08-14,106.4000
2026-08-17,106.4500
2026-08-18,104.9000
2026-08-19,103.1000
2026-08-20,103.8000
2026-08-21,104.6500
2026-08-24,103.8000
2026-08-25,104.4000
2026-08-26,105.9000
2026-08-27,106.0500
2026-08-28,106.9500
2026-08-31,106.2500
2026-09-01,108.4500
2026-09-02,106.8000
2026-09-03,106.2000
2026-09-04,107.9000
2026-09-08,109.6500
2026-09-09,109.6500
2026-09-10,109.1500
2026-09-11,107.7000
2026-09-14,106.9000
2026-09-15,106.2500
2026-09-16,106.9000
2026-09-17,108.0500
2026-09-18,108.0500
